Date,Open,High,Low,Close,Volume
2020-01-02,6016.60986328125,6062.919921875,6011.2099609375,6041.5,63958300
2020-01-03,6007.9599609375,6044.16015625,5994.58984375,6044.16015625,60488000
2020-01-06,6001.2099609375,6017.97021484375,5955.25,6013.58984375,69063700
2020-01-07,6033.22021484375,6065.740234375,6000.0,6012.35009765625,69593800
2020-01-08,5986.81005859375,6031.0,5972.77001953125,6031.0,71431600
2020-01-09,6066.75,6071.66015625,6034.14990234375,6042.5498046875,67961100
2020-01-10,6056.740234375,6057.830078125,6028.2900390625,6037.10986328125,64393300
2020-01-13,6040.91015625,6058.68994140625,6018.330078125,6036.14013671875,65192400
2020-01-14,6037.4501953125,6046.1201171875,5980.0498046875,6040.89013671875,75439500
2020-01-15,6042.72021484375,6053.009765625,6011.27978515625,6032.60986328125,79851500
2020-01-16,6039.6201171875,6058.97021484375,6021.02978515625,6039.02978515625,76032900
2020-01-17,6066.2900390625,6109.81005859375,6066.2900390625,6100.72021484375,79316600
2020-01-20,6092.97021484375,6094.08984375,6071.169921875,6078.5400390625,41270000
2020-01-21,6034.240234375,6045.990234375,5994.169921875,6045.990234375,63922800
2020-01-22,6053.85009765625,6069.259765625,6005.77001953125,6010.97998046875,69408800
2020-01-23,5992.47021484375,6024.31982421875,5961.8701171875,5971.7900390625,90037200
2020-01-24,6019.60009765625,6064.5498046875,6016.77001953125,6024.259765625,82330600
2020-01-27,5924.06005859375,5942.830078125,5851.0,5863.02001953125,104036300
2020-01-28,5886.81005859375,5933.72021484375,5857.22998046875,5925.81982421875,84491600
2020-01-29,5921.97021484375,5969.72998046875,5916.22998046875,5954.89013671875,74107000
2020-01-30,5886.02001953125,5904.080078125,5846.4501953125,5871.77001953125,89992200
2020-01-31,5891.7099609375,5894.68994140625,5799.0400390625,5806.33984375,101862600
2020-02-03,5822.0400390625,5857.39990234375,5804.14013671875,5832.509765625,75677800
2020-02-04,5863.35986328125,5935.0498046875,5862.81982421875,5935.0498046875,85595000
2020-02-05,5919.06005859375,6004.330078125,5912.490234375,5985.39990234375,107839000
2020-02-06,6045.0400390625,6050.93994140625,6008.5498046875,6038.18017578125,106153100
2020-02-07,6027.5400390625,6044.97021484375,5999.9501953125,6029.75,82348500
2020-02-10,6008.47998046875,6018.31005859375,5993.91015625,6015.669921875,65703100
2020-02-11,6047.9599609375,6060.97021484375,6032.7900390625,6054.759765625,81568400
2020-02-12,6064.25,6104.72998046875,6062.97021484375,6104.72998046875,92681200
2020-02-13,6076.919921875,6098.259765625,6028.27978515625,6093.14013671875,92665700
2020-02-14,6096.06982421875,6096.06982421875,6067.14013671875,6069.35009765625,77985500
2020-02-17,6079.52978515625,6088.60009765625,6064.919921875,6085.9501953125,58001900
2020-02-18,6042.3798828125,6079.5,6039.93994140625,6056.81982421875,89930300
2020-02-19,6086.10986328125,6111.41015625,6072.66015625,6111.240234375,80156900
2020-02-20,6105.169921875,6110.9501953125,6062.2998046875,6062.2998046875,91055800
2020-02-21,6035.02978515625,6067.2900390625,5995.14013671875,6029.72021484375,97327600
2020-02-24,5875.85986328125,5884.85986328125,5765.169921875,5791.8701171875,175269600
2020-02-25,5825.3701171875,5828.4599609375,5670.7099609375,5679.68017578125,143623800
2020-02-26,5646.14013671875,5707.31005859375,5526.14013671875,5684.5498046875,161976300
2020-02-27,5571.72021484375,5613.72021484375,5421.31005859375,5495.60009765625,216328100
2020-02-28,5310.81982421875,5376.0498046875,5229.56005859375,5309.89990234375,268468000
2020-03-02,5416.02001953125,5430.0498046875,5197.56982421875,5333.52001953125,201844000
2020-03-03,5408.14990234375,5509.27978515625,5371.66015625,5393.169921875,186265500
2020-03-04,5400.43017578125,5493.25,5357.35009765625,5464.89013671875,152463500
2020-03-05,5490.52001953125,5494.16015625,5329.240234375,5361.10009765625,155475900
2020-03-06,5253.81982421875,5284.080078125,5117.56982421875,5139.10986328125,198425500
2020-03-09,4845.27001953125,4863.33984375,4691.2001953125,4707.91015625,329160800
2020-03-10,4770.6201171875,4924.83984375,4615.16015625,4636.60986328125,280309600
2020-03-11,4716.22021484375,4766.0,4603.0498046875,4610.25,206895800
2020-03-12,4374.669921875,4404.259765625,4025.889892578125,4044.260009765625,371403200
2020-03-13,4234.3701171875,4438.509765625,4055.18994140625,4118.35986328125,326461800
2020-03-16,3886.820068359375,3962.010009765625,3632.06005859375,3881.4599609375,311603900
2020-03-17,4041.330078125,4042.4599609375,3759.0,3991.780029296875,225787000
2020-03-18,3905.530029296875,3908.719970703125,3726.449951171875,3754.840087890625,214274700
2020-03-19,3833.989990234375,3909.14990234375,3691.080078125,3855.5,199534100
2020-03-20,4066.7900390625,4109.10986328125,3984.300048828125,4048.800048828125,271872900
2020-03-23,3869.010009765625,4097.81982421875,3851.169921875,3914.31005859375,195845200
2020-03-24,4087.610107421875,4242.7001953125,4038.06005859375,4242.7001953125,185439800
2020-03-25,4339.7099609375,4453.009765625,4221.31982421875,4432.2998046875,176942500
2020-03-26,4332.7900390625,4543.580078125,4296.06005859375,4543.580078125,150657300
2020-03-27,4433.9501953125,4471.3701171875,4288.66015625,4351.490234375,144021100
2020-03-30,4362.08984375,4379.14990234375,4216.41015625,4378.509765625,119404100
2020-03-31,4437.77978515625,4468.52001953125,4309.72021484375,4396.1201171875,151397700
2020-04-01,4259.93994140625,4266.68994140625,4186.4501953125,4207.240234375,141856100
2020-04-02,4243.83984375,4265.56005859375,4143.16015625,4220.9599609375,135203200
2020-04-03,4204.81005859375,4214.58984375,4142.27978515625,4154.580078125,124037700
2020-04-06,4298.5,4353.2099609375,4268.52001953125,4346.14013671875,141469800
2020-04-07,4489.39990234375,4527.60009765625,4379.27001953125,4438.27001953125,146543100
2020-04-08,4397.35986328125,4442.75,4333.08984375,4442.75,96256500
2020-04-09,4512.2998046875,4543.68994140625,4409.0400390625,4506.85009765625,126589000
2020-04-14,4553.5498046875,4577.83984375,4497.56005859375,4523.91015625,104764600
2020-04-15,4511.8701171875,4525.5,4335.58984375,4353.72021484375,119358000
2020-04-16,4402.3798828125,4418.64990234375,4318.89990234375,4350.16015625,107745200
2020-04-17,4470.919921875,4550.77978515625,4464.08984375,4499.009765625,134393000
2020-04-20,4531.33984375,4531.33984375,4426.240234375,4528.2998046875,79833400
2020-04-21,4467.490234375,4477.31005859375,4357.4599609375,4357.4599609375,98896700
2020-04-22,4382.2001953125,4417.56982421875,4361.43994140625,4411.7998046875,84195800
2020-04-23,4450.18994140625,4495.89990234375,4395.75,4451.0,90083500
2020-04-24,4387.02978515625,4448.72998046875,4366.08984375,4393.31982421875,81295300
2020-04-27,4479.85986328125,4505.259765625,4448.0498046875,4505.259765625,75900400
2020-04-28,4507.419921875,4601.93994140625,4493.509765625,4569.7900390625,104388900
2020-04-29,4566.2900390625,4678.93017578125,4552.81005859375,4671.10986328125,111685100
2020-04-30,4693.27978515625,4719.740234375,4554.91015625,4572.18017578125,141611100
2020-05-04,4413.14013671875,4427.740234375,4362.1298828125,4378.22998046875,124810600
2020-05-05,4455.740234375,4492.52001953125,4419.9501953125,4483.1298828125,93373300
2020-05-06,4484.16015625,4484.16015625,4425.77978515625,4433.3798828125,83242500
2020-05-07,4456.43994140625,4503.93994140625,4440.97998046875,4501.43994140625,78225400
2020-05-08,4538.08984375,4560.18994140625,4519.58984375,4549.64013671875,49408600
2020-05-11,4561.18994140625,4569.759765625,4460.240234375,4490.22021484375,83493200
2020-05-12,4473.43017578125,4499.39013671875,4453.64990234375,4472.5,99269700
2020-05-13,4420.5,4422.740234375,4336.56005859375,4344.9501953125,103285300
2020-05-14,4294.009765625,4313.259765625,4194.580078125,4273.1298828125,127632000
2020-05-15,4314.97021484375,4335.77001953125,4255.18994140625,4277.6298828125,111236400
2020-05-18,4361.02978515625,4508.9501953125,4354.72998046875,4498.33984375,119506400
2020-05-19,4536.06982421875,4536.06982421875,4421.10986328125,4458.16015625,138767200
2020-05-20,4434.6201171875,4499.7900390625,4396.2001953125,4496.97998046875,107244100
2020-05-21,4443.919921875,4498.080078125,4429.27001953125,4445.4501953125,88243500
2020-05-22,4381.81982421875,4475.35009765625,4368.7998046875,4444.56005859375,99188200
2020-05-25,4482.5400390625,4539.91015625,4451.56005859375,4539.91015625,65971900
2020-05-26,4588.2998046875,4619.83984375,4573.89013671875,4606.240234375,140172500
2020-05-27,4621.77001953125,4711.990234375,4614.41015625,4688.740234375,177960100
2020-05-28,4718.10986328125,4784.08984375,4701.52001953125,4771.39013671875,127442900
2020-05-29,4733.97998046875,4768.85009765625,4695.35986328125,4695.43994140625,167179700
2020-06-01,4776.72021484375,4782.02978515625,4721.6298828125,4762.77978515625,75978000
2020-06-02,4799.8798828125,4880.14990234375,4795.27978515625,4858.97021484375,126839400
2020-06-03,4911.4501953125,5026.4501953125,4909.990234375,5022.3798828125,160112800
2020-06-04,4994.18017578125,5052.75,4966.81982421875,5011.97998046875,138794600
2020-06-05,5060.919921875,5199.64990234375,5060.919921875,5197.7900390625,186841500
2020-06-08,5159.2998046875,5213.669921875,5137.2001953125,5175.52001953125,152914400
2020-06-09,5187.08984375,5203.419921875,5053.2099609375,5095.10986328125,160534800
2020-06-10,5119.85986328125,5152.4501953125,5043.56982421875,5053.419921875,121335100
2020-06-11,4925.9501953125,4956.2998046875,4815.60009765625,4815.60009765625,161274600
2020-06-12,4774.10986328125,4940.7900390625,4759.169921875,4839.259765625,133164300
2020-06-15,4716.97998046875,4841.52978515625,4691.81005859375,4815.72021484375,111889900
2020-06-16,4922.7900390625,5006.7900390625,4887.56005859375,4952.4599609375,144445800
2020-06-17,4952.56982421875,5026.83984375,4952.56982421875,4995.97021484375,107060900
2020-06-18,4978.2998046875,5017.18017578125,4908.60009765625,4958.75,101195000
2020-06-19,4997.52978515625,5040.47021484375,4979.4501953125,4979.4501953125,219575400
2020-06-22,4928.009765625,5006.39990234375,4902.06005859375,4948.7001953125,84695500
2020-06-23,4972.8798828125,5046.31005859375,4962.60009765625,5017.68017578125,101534900
2020-06-24,4985.6298828125,5004.0400390625,4871.35986328125,4871.35986328125,97104300
2020-06-25,4860.16015625,4941.9599609375,4795.0498046875,4918.580078125,99381800
2020-06-26,4965.72021484375,5014.830078125,4908.14990234375,4909.64013671875,83954200
2020-06-29,4887.22998046875,4977.6298828125,4867.330078125,4945.4599609375,94421100
2020-06-30,4958.93994140625,4967.35009765625,4901.9599609375,4935.990234375,102399800
2020-07-01,4939.7998046875,4963.3701171875,4851.3701171875,4926.93994140625,94498400
2020-07-02,4963.1298828125,5072.7099609375,4956.66015625,5049.3798828125,115448500
2020-07-03,5056.669921875,5062.509765625,4982.240234375,5007.14013671875,61984900
2020-07-06,5112.5,5121.72021484375,5059.06982421875,5081.509765625,88519700
2020-07-07,5054.0400390625,5056.52001953125,5009.02978515625,5043.72998046875,75993100
2020-07-08,5004.81982421875,5040.52001953125,4969.830078125,4981.1298828125,79877900
2020-07-09,5006.52001953125,5014.85009765625,4911.56005859375,4921.009765625,83118100
2020-07-10,4891.60986328125,4974.3701171875,4882.5,4970.47998046875,82357100
2020-07-13,5026.2001953125,5060.43017578125,4980.1201171875,5056.22998046875,75191300
2020-07-14,4990.47998046875,5007.4599609375,4941.72998046875,5007.4599609375,83503800
2020-07-15,5045.919921875,5145.330078125,5039.18994140625,5108.97998046875,97819900
2020-07-16,5076.52001953125,5105.1201171875,5048.31982421875,5085.27978515625,69535800
2020-07-17,5088.0,5091.1298828125,5045.06982421875,5069.419921875,82550600
2020-07-20,5058.47998046875,5100.7900390625,5015.10986328125,5093.18017578125,65186800
2020-07-21,5129.77978515625,5172.97998046875,5097.419921875,5104.27978515625,85782100
2020-07-22,5098.47998046875,5099.2900390625,5028.47998046875,5037.1201171875,75799200
2020-07-23,5064.72021484375,5083.97021484375,5019.2099609375,5033.759765625,79473700
2020-07-24,4973.72998046875,4982.1201171875,4925.41015625,4956.43017578125,76465000
2020-07-27,4944.2998046875,4957.77001953125,4923.18994140625,4939.6201171875,74167000
2020-07-28,4930.10009765625,4950.009765625,4893.6298828125,4928.93994140625,78674500
2020-07-29,4948.47998046875,4978.5,4945.580078125,4958.740234375,75517100
2020-07-30,4952.080078125,4952.3798828125,4801.02001953125,4852.93994140625,137065700
2020-07-31,4866.240234375,4902.89990234375,4783.68994140625,4783.68994140625,129676300
2020-08-03,4797.06005859375,4899.52001953125,4763.60009765625,4875.93017578125,104619900
2020-08-04,4905.66015625,4920.7998046875,4856.64990234375,4889.52001953125,86945300
2020-08-05,4916.9599609375,4954.60009765625,4907.41015625,4933.33984375,74970100
2020-08-06,4919.41015625,4951.85986328125,4860.97998046875,4885.1298828125,80015300
2020-08-07,4873.10009765625,4896.2099609375,4843.89990234375,4889.52001953125,62365400
2020-08-10,4905.27001953125,4937.6298828125,4878.580078125,4909.509765625,62044500
2020-08-11,4952.41015625,5052.1201171875,4949.0498046875,5027.990234375,97809400
2020-08-12,5017.72998046875,5096.52978515625,5010.7998046875,5073.31005859375,76792800
2020-08-13,5055.419921875,5079.02001953125,5037.5498046875,5042.3798828125,57693500
2020-08-14,5018.9501953125,5018.9501953125,4921.580078125,4962.93017578125,66383400
2020-08-17,4972.58984375,4995.5498046875,4937.72021484375,4971.93994140625,51855600
2020-08-18,4951.97998046875,5001.2900390625,4924.14990234375,4938.06005859375,60466700
2020-08-19,4934.7900390625,4977.22998046875,4917.52978515625,4977.22998046875,53103600
2020-08-20,4914.68994140625,4937.9501953125,4888.14990234375,4911.240234375,66410900
2020-08-21,4927.60986328125,4939.25,4839.080078125,4896.330078125,72886800
2020-08-24,4948.7099609375,5013.7001953125,4948.7099609375,5007.89013671875,68837200
2020-08-25,5023.06005859375,5073.60986328125,5008.27001953125,5008.27001953125,64060000
2020-08-26,4991.6298828125,5050.10009765625,4977.93994140625,5048.43017578125,49317700
2020-08-27,5052.259765625,5052.259765625,5005.4599609375,5015.97021484375,67454700
2020-08-28,5031.31005859375,5031.52978515625,4970.64013671875,5002.93994140625,71208000
2020-08-31,5041.33984375,5067.5498046875,4942.18017578125,4947.22021484375,97432500
2020-09-01,4974.419921875,4993.56005859375,4892.830078125,4938.10009765625,91322100
2020-09-02,4969.6201171875,5062.009765625,4959.64013671875,5031.740234375,86998900
2020-09-03,5074.64013671875,5131.39013671875,4982.33984375,5009.52001953125,93616800
2020-09-04,4974.68994140625,5068.8798828125,4928.7900390625,4965.06982421875,108586000
2020-09-07,4979.8701171875,5064.64013671875,4979.8701171875,5053.72021484375,61686000
2020-09-08,5052.8798828125,5061.60009765625,4935.3798828125,4973.52001953125,85589800
2020-09-09,4980.4599609375,5058.35009765625,4973.35986328125,5042.97998046875,86318500
2020-09-10,5039.47998046875,5062.89013671875,5005.83984375,5023.93017578125,70699400
2020-09-11,5014.97021484375,5053.6298828125,4997.85986328125,5034.14013671875,70572900
2020-09-14,5071.8701171875,5087.52001953125,5034.91015625,5051.8798828125,57540800
2020-09-15,5056.89990234375,5087.990234375,5035.10009765625,5067.93017578125,79316700
2020-09-16,5065.75,5091.52001953125,5029.56005859375,5074.419921875,81456400
2020-09-17,5005.89013671875,5053.31982421875,4995.64990234375,5039.5,85821100
2020-09-18,5035.93994140625,5041.330078125,4978.18017578125,4978.18017578125,279158000
2020-09-21,4949.759765625,4949.759765625,4779.2099609375,4792.0400390625,128894100
2020-09-22,4809.56982421875,4827.0,4772.83984375,4772.83984375,92909500
2020-09-23,4824.169921875,4871.4501953125,4802.259765625,4802.259765625,86947200
2020-09-24,4746.10009765625,4806.830078125,4744.0400390625,4762.6201171875,97836800
2020-09-25,4754.81005859375,4758.0498046875,4666.259765625,4729.66015625,96957900
2020-09-28,4806.14013671875,4849.97021484375,4788.18017578125,4843.27001953125,96864500
2020-09-29,4832.8701171875,4846.6298828125,4806.4501953125,4832.06982421875,73788000
2020-09-30,4793.18994140625,4854.02001953125,4782.68994140625,4803.43994140625,98788900
2020-10-01,4850.2001953125,4871.830078125,4804.77001953125,4824.0400390625,90319600
2020-10-02,4769.43017578125,4824.8798828125,4757.22021484375,4824.8798828125,78027700
2020-10-05,4863.6298828125,4876.85986328125,4842.259765625,4871.8701171875,73984600
2020-10-06,4881.7998046875,4925.7099609375,4850.35986328125,4895.4599609375,88768400
2020-10-07,4888.490234375,4915.6298828125,4865.259765625,4882.0,90531200
2020-10-08,4910.490234375,4936.0400390625,4877.10009765625,4911.93994140625,76900000
2020-10-09,4925.41015625,4954.02001953125,4918.06005859375,4946.81005859375,82326900
2020-10-12,4952.47021484375,4998.509765625,4944.0,4979.2900390625,74090900
2020-10-13,4976.27978515625,4976.580078125,4928.64013671875,4947.60986328125,81146200
2020-10-14,4956.68994140625,4965.31982421875,4928.43017578125,4941.66015625,71558400
2020-10-15,4873.02978515625,4881.31005859375,4808.580078125,4837.419921875,106038500
2020-10-16,4904.10009765625,4957.60009765625,4875.759765625,4935.85986328125,103413300
2020-10-19,4955.39013671875,4993.39013671875,4881.4599609375,4942.6201171875,44905900
2020-10-20,4932.8701171875,4968.60986328125,4914.490234375,4929.27978515625,89484700
2020-10-21,4945.330078125,4945.330078125,4849.009765625,4853.9501953125,77277800
2020-10-22,4830.43994140625,4873.89990234375,4783.64990234375,4851.3798828125,89673900
2020-10-23,4843.27978515625,4934.7099609375,4843.14013671875,4909.64013671875,80388100
2020-10-26,4844.64013671875,4896.47021484375,4814.990234375,4816.1201171875,0
2020-10-27,4818.97998046875,4818.97998046875,4723.7001953125,4730.66015625,0
2020-10-28,4635.18994140625,4640.6298828125,4521.60986328125,4571.1201171875,0
2020-10-29,4571.1298828125,4606.72021484375,4512.56982421875,4569.669921875,0
2020-10-30,4519.3701171875,4601.740234375,4519.3701171875,4594.240234375,0
2020-11-02,4614.9501953125,4705.10986328125,4581.85986328125,4691.14013671875,0
2020-11-03,4743.85986328125,4812.2900390625,4730.22998046875,4805.60986328125,0
2020-11-04,4736.4599609375,4926.56005859375,4730.31005859375,4922.85009765625,0
2020-11-05,4956.02001953125,4998.18994140625,4942.18017578125,4983.990234375,0
2020-11-06,4964.259765625,4997.740234375,4915.240234375,4960.8798828125,0
2020-11-09,5036.919921875,5387.490234375,5021.330078125,5336.31982421875,0
2020-11-10,5351.31005859375,5439.080078125,5327.22021484375,5418.97021484375,0
2020-11-11,5433.66015625,5462.9501953125,5408.669921875,5445.2099609375,0
2020-11-12,5394.3701171875,5421.39990234375,5348.6298828125,5362.56982421875,0
2020-11-13,5343.31982421875,5411.1201171875,5343.25,5380.16015625,0
2020-11-16,5430.56982421875,5518.91015625,5402.31005859375,5471.47998046875,0
2020-11-17,5468.2900390625,5487.31005859375,5441.259765625,5483.0,0
2020-11-18,5468.169921875,5521.009765625,5452.1201171875,5511.4501953125,0
2020-11-19,5458.02001953125,5490.18017578125,5449.4501953125,5474.66015625,0
2020-11-20,5463.990234375,5524.25,5461.39013671875,5495.89013671875,0
2020-11-23,5543.830078125,5555.830078125,5492.14990234375,5492.14990234375,95986700
2020-11-24,5546.06982421875,5574.68994140625,5536.10986328125,5558.419921875,0
2020-11-25,5577.97021484375,5589.77978515625,5545.009765625,5571.2900390625,0
2020-11-26,5589.3798828125,5592.77978515625,5559.72021484375,5566.7900390625,65753800
2020-11-27,5563.0400390625,5612.759765625,5556.6201171875,5598.18017578125,84633600
2020-11-30,5564.16015625,5599.93994140625,5518.5498046875,5518.5498046875,0
2020-12-01,5542.4599609375,5589.68017578125,5529.25,5581.64013671875,0
2020-12-02,5563.0498046875,5585.8701171875,5549.7900390625,5583.009765625,0
2020-12-03,5581.52978515625,5584.10009765625,5546.2900390625,5574.35986328125,0
2020-12-04,5574.1201171875,5616.6201171875,5574.1201171875,5609.14990234375,0
2020-12-07,5594.5,5595.830078125,5535.419921875,5573.3798828125,86156600
2020-12-08,5553.7900390625,5574.56982421875,5521.8701171875,5560.669921875,0
2020-12-09,5590.18994140625,5599.41015625,5545.93994140625,5546.81982421875,90861600
2020-12-10,5558.9599609375,5572.7998046875,5511.47998046875,5549.64990234375,0
2020-12-11,5528.14013671875,5532.81005859375,5466.56005859375,5507.5498046875,96872800
2020-12-14,5547.2998046875,5577.18017578125,5527.83984375,5527.83984375,0
2020-12-15,5521.7900390625,5565.52001953125,5517.06005859375,5530.31005859375,0
2020-12-16,5551.4501953125,5589.759765625,5515.5,5547.68017578125,0
2020-12-17,5578.7900390625,5585.509765625,5547.58984375,5549.4599609375,0
2020-12-18,5533.77978515625,5581.9599609375,5519.169921875,5527.83984375,173234900
2020-12-21,5392.5498046875,5422.10009765625,5306.580078125,5393.33984375,122849400
2020-12-22,5411.14990234375,5477.8701171875,5411.14990234375,5466.85986328125,0
2020-12-23,5472.14013671875,5539.16015625,5472.02978515625,5527.58984375,59208500
2020-12-24,5542.490234375,5545.7099609375,5517.009765625,5522.009765625,0
2020-12-28,5562.0400390625,5601.0,5547.89990234375,5588.3798828125,44706900
2020-12-29,5610.1298828125,5625.52001953125,5603.740234375,5611.7900390625,0
2020-12-30,5603.72021484375,5625.60009765625,5594.10986328125,5599.41015625,35280300
2020-12-31,5573.2001953125,5598.93017578125,5551.41015625,5551.41015625,0
2021-01-04,5614.0400390625,5656.419921875,5567.97021484375,5588.9599609375,82741000
2021-01-05,5561.60009765625,5603.66015625,5530.47998046875,5564.60009765625,79263400
2021-01-06,5601.009765625,5648.419921875,5553.39013671875,5630.60009765625,116286300
2021-01-07,5651.0400390625,5689.27978515625,5629.490234375,5669.85009765625,91729600
2021-01-08,5711.580078125,5721.89013671875,5676.14990234375,5706.8798828125,87558400
2021-01-11,5684.66015625,5704.08984375,5629.4599609375,5662.43017578125,76382800
2021-01-12,5672.2001953125,5679.06005859375,5636.75,5650.97021484375,73935200
2021-01-13,5648.9599609375,5679.06982421875,5643.75,5662.669921875,109764000
2021-01-14,5662.169921875,5690.490234375,5656.75,5681.14013671875,104615600
2021-01-15,5648.7001953125,5656.4501953125,5563.740234375,5611.68994140625,127619000
2021-01-18,5584.85009765625,5618.419921875,5584.58984375,5617.27001953125,62122300
2021-01-19,5647.75,5655.22021484375,5592.2001953125,5598.60986328125,89498100
2021-01-20,5615.41015625,5646.06005859375,5602.490234375,5628.43994140625,78552400
2021-01-21,5660.27001953125,5665.97998046875,5589.7998046875,5590.7900390625,87605000
2021-01-22,5568.8798828125,5573.7099609375,5511.43994140625,5559.56982421875,89454700
2021-01-25,5579.72998046875,5584.39990234375,5453.240234375,5472.35986328125,103153900
2021-01-26,5473.25,5555.27978515625,5471.08984375,5523.52001953125,84017800
2021-01-27,5517.52978515625,5545.4501953125,5401.43017578125,5459.6201171875,123358200
2021-01-28,5407.740234375,5525.9501953125,5379.22021484375,5510.52001953125,113180800
2021-01-29,5421.52978515625,5474.7998046875,5399.2099609375,5399.2099609375,109393800
2021-02-01,5441.43017578125,5481.669921875,5429.77978515625,5461.68017578125,75051100
2021-02-02,5510.6201171875,5574.77001953125,5509.240234375,5563.10986328125,92321700
2021-02-03,5610.58984375,5626.41015625,5554.08984375,5563.0498046875,81321400
2021-02-04,5568.39013671875,5613.9501953125,5566.580078125,5608.5400390625,84653400
2021-02-05,5638.740234375,5673.02978515625,5627.83984375,5659.259765625,90026000
2021-02-08,5688.68017578125,5714.27978515625,5673.6298828125,5686.02978515625,75598300
2021-02-09,5703.52978515625,5703.52978515625,5674.43017578125,5691.5400390625,74734600
2021-02-10,5719.31982421875,5719.31982421875,5647.27978515625,5670.7998046875,80605800
2021-02-11,5684.93994140625,5692.0,5656.7998046875,5669.81982421875,85822100
2021-02-12,5651.669921875,5705.02001953125,5627.990234375,5703.669921875,74872400
2021-02-15,5732.2998046875,5801.3798828125,5722.16015625,5786.25,95598000
2021-02-16,5796.43017578125,5797.919921875,5768.9599609375,5786.52978515625,69738200
2021-02-17,5762.009765625,5790.27001953125,5752.85009765625,5765.83984375,89772300
2021-02-18,5757.75,5779.009765625,5720.580078125,5728.330078125,95205800
2021-02-19,5737.18994140625,5784.89990234375,5733.83984375,5773.5498046875,95515600
2021-02-22,5737.47021484375,5776.64013671875,5703.47998046875,5767.43994140625,83870900
2021-02-23,5781.240234375,5804.89990234375,5721.919921875,5779.83984375,0
2021-02-24,5769.2099609375,5804.14013671875,5758.2998046875,5797.97998046875,83298700
2021-02-25,5824.72021484375,5834.35986328125,5783.89013671875,5783.89013671875,99039600
2021-02-26,5715.68994140625,5768.02978515625,5688.259765625,5703.22021484375,126426700
2021-03-01,5770.89013671875,5804.35009765625,5765.7998046875,5792.7900390625,83783600
2021-03-02,5774.6201171875,5835.740234375,5773.52001953125,5809.72998046875,78464500
2021-03-03,5841.2001953125,5871.43017578125,5788.66015625,5830.06005859375,91437400
2021-03-04,5800.72998046875,5844.68994140625,5797.669921875,5830.64990234375,96687500
2021-03-05,5794.47998046875,5837.5498046875,5755.60009765625,5782.64990234375,99553700
2021-03-08,5822.919921875,5912.5,5799.0498046875,5902.990234375,0
2021-03-09,5903.259765625,5937.81005859375,5895.330078125,5924.97021484375,98009300
2021-03-10,5915.169921875,5993.6298828125,5912.35009765625,5990.5498046875,84108900
2021-03-11,6004.16015625,6033.759765625,5995.41015625,6033.759765625,85660900
2021-03-12,6030.6298828125,6046.5498046875,6017.41015625,6046.5498046875,72235700
2021-03-15,6069.08984375,6089.2001953125,6018.5498046875,6035.97021484375,78751000
2021-03-16,6050.39990234375,6061.18994140625,6034.759765625,6055.43017578125,846600
2021-03-17,6048.31005859375,6062.35986328125,6037.25,6054.81982421875,806600
2021-03-18,6076.2099609375,6082.919921875,6044.31982421875,6062.7900390625,91171900
2021-03-19,6021.1298828125,6047.64990234375,5983.60986328125,5997.9599609375,212881400
2021-03-22,5960.85009765625,5987.22998046875,5943.7099609375,5968.47998046875,76067200
2021-03-23,5943.31005859375,5968.56005859375,5921.830078125,5945.2998046875,75656900
2021-03-24,5901.64013671875,5948.669921875,5890.5498046875,5947.2900390625,80552800
2021-03-25,5911.0400390625,5952.41015625,5886.0,5952.41015625,73423600
2021-03-26,5979.22998046875,6002.9501953125,5962.4599609375,5988.81005859375,80680200
2021-03-29,5995.0,6029.58984375,5985.35986328125,6015.509765625,67745900
2021-03-30,6044.5400390625,6095.080078125,6041.39013671875,6088.0400390625,76904000
2021-03-31,6085.02001953125,6097.740234375,6060.240234375,6067.22998046875,85387300
2021-04-01,6079.669921875,6106.1201171875,6063.85986328125,6102.9599609375,75221700
2021-04-06,6155.22021484375,6159.10009765625,6125.740234375,6131.33984375,73632700
2021-04-07,6137.6298828125,6154.3798828125,6118.91015625,6130.66015625,0
2021-04-08,6153.35986328125,6171.4501953125,6146.22021484375,6165.72021484375,66071200
2021-04-09,6171.60009765625,6188.47998046875,6161.419921875,6169.41015625,65261400
2021-04-12,6167.31982421875,6183.02001953125,6151.52001953125,6161.68017578125,0
2021-04-13,6171.8798828125,6193.240234375,6156.490234375,6184.10009765625,74722300
2021-04-14,6214.490234375,6217.740234375,6194.5498046875,6208.580078125,0
2021-04-15,6219.0400390625,6244.22998046875,6209.58984375,6234.14013671875,66204600
2021-04-16,6229.64990234375,6299.56005859375,6229.2998046875,6287.06982421875,86378000
2021-04-19,6294.740234375,6319.080078125,6293.169921875,6296.68994140625,58527600
2021-04-20,6281.10009765625,6285.2900390625,6154.02978515625,6165.10986328125,0
2021-04-21,6180.68994140625,6227.0400390625,6178.66015625,6210.5498046875,77394900
2021-04-22,6230.2099609375,6274.18994140625,6225.58984375,6267.27978515625,67091000
2021-04-23,6259.6298828125,6280.81005859375,6227.18994140625,6257.93994140625,61769900
2021-04-26,6256.0400390625,6288.7900390625,6240.990234375,6275.52001953125,64366500
2021-04-27,6273.35986328125,6282.52001953125,6255.41015625,6273.759765625,66019200
2021-04-28,6293.2099609375,6320.10986328125,6283.6201171875,6306.97998046875,69450200
2021-04-29,6341.1201171875,6352.35986328125,6287.43994140625,6302.56982421875,78833300
2021-04-30,6316.31982421875,6320.14013671875,6268.85986328125,6269.47998046875,80057800
2021-05-03,6285.509765625,6314.919921875,6252.66015625,6307.89990234375,49980000
2021-05-04,6319.490234375,6355.8701171875,6238.7900390625,6251.75,85369200
2021-05-05,6284.5400390625,6339.47021484375,6275.14013671875,6339.47021484375,83862000
2021-05-06,6348.89990234375,6377.580078125,6321.72021484375,6357.08984375,86375500
2021-05-07,6388.919921875,6390.0400390625,6342.3701171875,6385.509765625,78606600
2021-05-10,6395.3798828125,6395.60009765625,6367.0400390625,6385.990234375,76551300
2021-05-11,6314.27001953125,6324.31005859375,6226.10986328125,6267.39013671875,100699500
2021-05-12,6259.6298828125,6299.240234375,6233.9599609375,6279.35009765625,80897700
2021-05-13,6219.72998046875,6303.7001953125,6150.43017578125,6288.330078125,64872900
2021-05-14,6335.81982421875,6385.669921875,6301.18994140625,6385.14013671875,66935700
2021-05-17,6397.22021484375,6410.2099609375,6349.330078125,6367.35009765625,62538700
2021-05-18,6406.18017578125,6412.91015625,6343.5498046875,6353.669921875,74129300
2021-05-19,6292.0498046875,6310.490234375,6192.330078125,6262.5498046875,92757600
2021-05-20,6296.25,6343.580078125,6267.5498046875,6343.580078125,68528400
2021-05-21,6360.8798828125,6402.10009765625,6351.9501953125,6386.41015625,75862000
2021-05-24,6395.9599609375,6408.490234375,6382.7099609375,6408.490234375,34996500
2021-05-25,6416.60986328125,6422.830078125,6390.27001953125,6390.27001953125,59097400
2021-05-26,6403.9501953125,6413.72021484375,6375.14013671875,6391.60009765625,58338700
2021-05-27,6379.830078125,6467.72021484375,6379.830078125,6435.7099609375,0
2021-05-28,6453.1201171875,6493.72021484375,6448.8701171875,6484.10986328125,64752500
2021-05-31,6483.31982421875,6496.31982421875,6441.759765625,6447.169921875,41777500
2021-06-01,6470.419921875,6521.56982421875,6464.7099609375,6489.39990234375,61099200
2021-06-02,6489.89990234375,6521.81982421875,6482.10009765625,6521.52001953125,55390700
2021-06-03,6518.580078125,6522.22998046875,6473.669921875,6507.919921875,55257300
2021-06-04,6514.27001953125,6517.93017578125,6497.39013671875,6515.66015625,51796200
2021-06-07,6509.97998046875,6560.39013671875,6485.7998046875,6543.56005859375,57848800
2021-06-08,6545.68994140625,6574.2099609375,6540.7099609375,6551.009765625,65450600
2021-06-09,6561.93017578125,6570.81982421875,6533.3701171875,6563.4501953125,61452400
2021-06-10,6574.58984375,6574.58984375,6526.22998046875,6546.490234375,75224400
2021-06-11,6550.2998046875,6607.60986328125,6549.830078125,6600.66015625,68896800
2021-06-14,6625.5498046875,6650.16015625,6599.27001953125,6616.35009765625,64515600
2021-06-15,6643.419921875,6655.66015625,6634.4501953125,6639.52001953125,67447800
2021-06-16,6657.52001953125,6659.3798828125,6632.35986328125,6652.64990234375,69886300
2021-06-17,6636.7001953125,6674.3701171875,6631.6298828125,6666.259765625,70681800
2021-06-18,6657.22998046875,6687.2900390625,6560.1201171875,6569.16015625,170613700
2021-06-21,6525.02978515625,6607.990234375,6511.93017578125,6602.5400390625,78939300
2021-06-22,6609.97998046875,6622.2001953125,6583.5,6611.5,65102500
2021-06-23,6616.72998046875,6619.02001953125,6551.06982421875,6551.06982421875,70376800
2021-06-24,6576.06982421875,6639.830078125,6572.81005859375,6631.14990234375,74425300
2021-06-25,6637.68017578125,6641.89990234375,6604.85986328125,6622.8701171875,0
2021-06-28,6611.990234375,6633.72998046875,6556.8798828125,6558.02001953125,63796100
2021-06-29,6564.06982421875,6599.8798828125,6561.08984375,6567.43017578125,61812500
2021-06-30,6562.169921875,6575.83984375,6474.43017578125,6507.830078125,88781800
2021-07-01,6549.81982421875,6588.14013671875,6502.0498046875,6553.81982421875,69789700
2021-07-02,6572.0,6582.7900390625,6540.1201171875,6552.85986328125,57451500
2021-07-05,6545.97998046875,6582.8701171875,6520.3798828125,6567.5400390625,45905300
2021-07-06,6551.0,6561.509765625,6483.2001953125,6507.47998046875,72349800
2021-07-07,6529.490234375,6550.9501953125,6497.75,6527.72021484375,82080600
2021-07-08,6479.39990234375,6483.31982421875,6348.64013671875,6396.72998046875,110791300
2021-07-09,6435.2900390625,6532.56005859375,6429.669921875,6529.419921875,84934900
2021-07-12,6525.10986328125,6567.97998046875,6479.5400390625,6559.25,61855900
2021-07-13,6561.740234375,6569.3701171875,6536.4501953125,6558.47021484375,62056500
2021-07-14,6533.7998046875,6565.2001953125,6530.91015625,6558.3798828125,0
2021-07-15,6538.41015625,6554.7900390625,6471.06982421875,6493.35986328125,0
2021-07-16,6524.9501953125,6526.759765625,6418.25,6460.080078125,0
2021-07-19,6398.83984375,6403.509765625,6253.25,6295.97021484375,0
2021-07-20,6325.16015625,6386.4599609375,6304.85009765625,6346.85009765625,82160100
2021-07-21,6382.35986328125,6471.64990234375,6381.93994140625,6464.47998046875,82556600
2021-07-22,6498.31005859375,6525.2099609375,6474.0498046875,6481.58984375,58412300
2021-07-23,6518.60009765625,6574.85986328125,6510.27001953125,6568.81982421875,56119000
2021-07-26,6532.009765625,6588.08984375,6517.0498046875,6578.60009765625,0
2021-07-27,6565.18994140625,6578.0400390625,6516.56982421875,6531.919921875,60870400
2021-07-28,6547.47021484375,6609.31005859375,6530.740234375,6609.31005859375,55290600
2021-07-29,6647.080078125,6671.1201171875,6633.77001953125,6633.77001953125,94988900
2021-07-30,6608.16015625,6648.2001953125,6596.990234375,6612.759765625,97436800
2021-08-02,6657.9501953125,6690.7998046875,6639.31005859375,6675.89990234375,72373600
2021-08-03,6692.60009765625,6749.8798828125,6688.1201171875,6723.81005859375,76009700
2021-08-04,6751.14990234375,6766.60986328125,6730.60009765625,6746.22998046875,68209400
2021-08-05,6750.85986328125,6788.68994140625,6750.85986328125,6781.18994140625,62368500
2021-08-06,6772.490234375,6832.93994140625,6763.009765625,6816.9599609375,67227300
2021-08-09,6818.5400390625,6832.77001953125,6806.97998046875,6813.18017578125,47885100
2021-08-10,6817.6298828125,6833.1201171875,6811.77001953125,6820.2099609375,48652800
2021-08-11,6840.27978515625,6867.10986328125,6821.2099609375,6857.990234375,54453800
2021-08-12,6861.43994140625,6891.2900390625,6854.990234375,6882.47021484375,53045300
2021-08-13,6888.47998046875,6913.669921875,6885.64013671875,6896.0400390625,49869700
2021-08-16,6849.68017578125,6863.740234375,6817.43017578125,6838.77001953125,49720100
2021-08-17,6812.419921875,6827.490234375,6789.10986328125,6819.83984375,56251300
2021-08-18,6824.64013671875,6828.330078125,6759.740234375,6770.10986328125,55662800
2021-08-19,6665.1201171875,6671.169921875,6560.740234375,6605.89013671875,96566200
2021-08-20,6602.9501953125,6633.18994140625,6567.93017578125,6626.10986328125,66755800
2021-08-23,6699.31982421875,6699.31982421875,6657.14013671875,6683.10009765625,56007000
2021-08-24,6717.77001953125,6717.77001953125,6634.68994140625,6664.31005859375,48958200
2021-08-25,6683.18017578125,6684.2099609375,6667.25,6676.47998046875,48823600
2021-08-26,6646.3701171875,6673.93994140625,6618.68994140625,6666.02978515625,50801600
2021-08-27,6658.27001953125,6682.14990234375,6644.68017578125,6681.919921875,43959300
2021-08-30,6690.27978515625,6697.52001953125,6675.31982421875,6687.2998046875,37296500
2021-08-31,6692.85009765625,6708.14013671875,6650.89990234375,6680.18017578125,96775900
2021-09-01,6736.43994140625,6784.66015625,6730.169921875,6758.68994140625,75866000
2021-09-02,6753.18017578125,6778.330078125,6747.169921875,6763.080078125,56090600
2021-09-03,6758.3798828125,6758.3798828125,6667.39013671875,6689.990234375,63290200
2021-09-06,6704.35009765625,6756.39990234375,6700.4501953125,6743.5,41892000
2021-09-07,6731.35986328125,6749.14013671875,6721.35009765625,6726.06982421875,48024800
2021-09-08,6688.83984375,6712.0498046875,6628.97998046875,6668.89013671875,68566500
2021-09-09,6618.81982421875,6708.330078125,6605.08984375,6684.72021484375,63555000
2021-09-10,6707.330078125,6722.72998046875,6651.06005859375,6663.77001953125,70636600
2021-09-13,6688.77001953125,6722.0,6670.85009765625,6676.93017578125,61573900
2021-09-14,6672.18994140625,6677.06982421875,6613.52001953125,6652.97021484375,63626300
2021-09-15,6654.830078125,6659.27001953125,6577.02001953125,6583.6201171875,81904200
2021-09-16,6613.7099609375,6663.41015625,6612.16015625,6622.58984375,79574500
2021-09-17,6679.4501953125,6697.080078125,6551.6201171875,6570.18994140625,214025500
2021-09-20,6450.39013671875,6471.08984375,6389.6201171875,6455.81005859375,120069400
2021-09-21,6513.75,6570.1298828125,6513.75,6552.72998046875,136740400
2021-09-22,6612.10009765625,6642.31005859375,6595.93017578125,6637.0,91076800
2021-09-23,6691.080078125,6718.7998046875,6667.35986328125,6701.97998046875,82926000
2021-09-24,6675.72998046875,6678.64990234375,6625.43017578125,6638.4599609375,70090500
2021-09-27,6683.85009765625,6688.759765625,6647.080078125,6650.91015625,89455000
2021-09-28,6634.72021484375,6643.580078125,6491.419921875,6506.5,117799600
2021-09-29,6549.41015625,6590.81005859375,6538.10986328125,6560.7998046875,86064200
2021-09-30,6615.990234375,6621.75,6509.22998046875,6520.009765625,112651000
2021-10-01,6421.10009765625,6535.4599609375,6412.7001953125,6517.68994140625,94022900
2021-10-04,6484.89990234375,6540.9599609375,6452.77978515625,6477.66015625,73993600
2021-10-05,6481.72021484375,6577.2900390625,6481.72021484375,6576.27978515625,86146000
2021-10-06,6509.60009765625,6510.47021484375,6421.64013671875,6493.1201171875,98813600
2021-10-07,6563.240234375,6616.52978515625,6545.740234375,6600.18994140625,91000400
2021-10-08,6609.509765625,6617.33984375,6559.990234375,6559.990234375,70183900
2021-10-11,6546.06982421875,6574.22021484375,6522.5498046875,6570.5400390625,68968500
2021-10-12,6495.14990234375,6548.10986328125,6491.580078125,6548.10986328125,69996000
2021-10-13,6539.60986328125,6606.35986328125,6510.27001953125,6597.3798828125,75938000
2021-10-14,6651.18017578125,6692.93994140625,6618.7900390625,6685.2099609375,71368900
2021-10-15,6714.259765625,6746.81005859375,6703.259765625,6727.52001953125,0
2021-10-18,6697.2900390625,6697.60009765625,6642.16015625,6673.10009765625,64526000
2021-10-19,6690.9501953125,6692.14013671875,6650.83984375,6669.85009765625,63597900
2021-10-20,6636.60986328125,6715.52001953125,6636.60986328125,6705.60986328125,65963400
2021-10-21,6673.14013671875,6699.2099609375,6658.9501953125,6686.169921875,63926300
2021-10-22,6720.919921875,6765.4599609375,6716.14990234375,6733.68994140625,65949700
2021-10-25,6752.97998046875,6752.97998046875,6707.31982421875,6712.8701171875,58586000
2021-10-26,6723.06005859375,6775.81982421875,6711.2099609375,6766.509765625,79339600
2021-10-27,6755.6298828125,6771.18994140625,6731.85986328125,6753.52001953125,68739200
2021-10-28,6750.77978515625,6804.22021484375,6750.77978515625,6804.22021484375,75981000
2021-10-29,6778.7900390625,6830.33984375,6748.52978515625,6830.33984375,89550100
2021-11-01,6870.27978515625,6908.64990234375,6859.43994140625,6893.2900390625,67294100
2021-11-02,6883.06005859375,6933.35009765625,6879.68994140625,6927.02978515625,64187800
2021-11-03,6919.47021484375,6955.10009765625,6917.75,6950.64990234375,65516400
2021-11-04,6977.6201171875,6993.009765625,6962.009765625,6987.7900390625,76559800
2021-11-05,6983.7998046875,7063.39990234375,6983.7998046875,7040.7900390625,79993700
2021-11-08,7041.60009765625,7067.10009765625,7037.669921875,7047.47998046875,66513600
2021-11-09,7023.580078125,7079.580078125,7016.72998046875,7043.27001953125,71276900
2021-11-10,7046.169921875,7053.27001953125,7014.93994140625,7045.16015625,85630200
2021-11-11,7038.83984375,7072.6298828125,7032.35009765625,7059.5498046875,74342900
2021-11-12,7062.5400390625,7097.4599609375,7056.93017578125,7091.39990234375,64249000
2021-11-15,7090.9599609375,7136.1298828125,7088.7099609375,7128.6298828125,64255100
2021-11-16,7146.3701171875,7164.27001953125,7136.2998046875,7152.60009765625,69021700
2021-11-17,7149.2998046875,7167.7998046875,7147.009765625,7156.85009765625,68243500
2021-11-18,7155.0498046875,7181.5498046875,7136.85986328125,7141.97998046875,75845600
2021-11-19,7172.72021484375,7183.080078125,7068.43017578125,7112.2900390625,117988000
2021-11-22,7130.240234375,7143.60009765625,7087.669921875,7105.0,85214100
2021-11-23,7064.3798828125,7112.490234375,7002.56005859375,7044.6201171875,73747800
2021-11-24,7052.18017578125,7089.10986328125,6983.97998046875,7042.22998046875,75264400
2021-11-25,7067.60986328125,7079.490234375,7047.85986328125,7075.8701171875,57485800
2021-11-26,6814.89990234375,6861.14990234375,6725.080078125,6739.72998046875,159605400
2021-11-29,6831.41015625,6841.7900390625,6760.31005859375,6776.25,108062500
2021-11-30,6679.02978515625,6780.8798828125,6655.85986328125,6721.16015625,182689600
2021-12-01,6774.7998046875,6902.4599609375,6750.64990234375,6881.8701171875,101765800
2021-12-02,6794.77001953125,6850.3701171875,6762.740234375,6795.75,101894500
2021-12-03,6860.72998046875,6872.7900390625,6730.6298828125,6765.52001953125,83342600
2021-12-06,6810.93017578125,6888.06982421875,6776.169921875,6865.77978515625,84991100
2021-12-07,6934.68017578125,7066.9501953125,6934.68017578125,7065.39013671875,96223300
2021-12-08,7064.1201171875,7104.06005859375,7014.56982421875,7014.56982421875,80200900
2021-12-09,7035.93017578125,7044.990234375,6983.330078125,7008.22998046875,64070600
2021-12-10,6960.39013671875,7025.8798828125,6960.39013671875,6991.68017578125,0
2021-12-13,7004.759765625,7029.3798828125,6929.1298828125,6942.91015625,75947300
2021-12-14,6978.77001953125,6993.2998046875,6891.33984375,6895.31005859375,88567300
2021-12-15,6923.52001953125,6949.919921875,6904.93994140625,6927.6298828125,74220800
2021-12-16,7054.919921875,7054.919921875,6987.9501953125,7005.06982421875,101536900
2021-12-17,6982.06982421875,7011.60986328125,6884.91015625,6926.6298828125,148484800
2021-12-20,6783.830078125,6872.75,6747.68994140625,6870.10009765625,86311700
2021-12-21,6935.66015625,6967.93017578125,6888.52001953125,6964.990234375,75487700
2021-12-22,6982.52978515625,7051.669921875,6963.7099609375,7051.669921875,55611500
2021-12-23,7071.93017578125,7119.8701171875,7049.919921875,7106.14990234375,54434100
2021-12-24,7091.60009765625,7116.8798828125,7086.580078125,7086.580078125,11954300
2021-12-27,7070.14013671875,7149.14013671875,7062.39990234375,7140.39013671875,34917800
2021-12-28,7141.85009765625,7187.759765625,7141.669921875,7181.10986328125,36149600
2021-12-29,7179.10986328125,7201.64990234375,7137.35009765625,7161.52001953125,37481200
2021-12-30,7167.52978515625,7189.83984375,7156.7900390625,7173.22998046875,35427000
2021-12-31,7153.66015625,7163.72998046875,7139.60009765625,7153.02978515625,18788700
